<?xml version="1.0" encoding="UTF-8"?>
<GenRun Id="impl_1" LaunchPart="xc7k70tfbv676-1" LaunchTime="1722949051">
  <File Type="ROUTE-PWR" Name="Min_Tree_power_routed.rpt"/>
  <File Type="PA-TCL" Name="Min_Tree.tcl"/>
  <File Type="ROUTE-PWR-SUM" Name="Min_Tree_power_summary_routed.pb"/>
  <File Type="REPORTS-TCL" Name="Min_Tree_reports.tcl"/>
  <File Type="OPT-RQA-PB" Name="Min_Tree_rqa_opted.pb"/>
  <File Type="BITSTR-MMI" Name="Min_Tree.mmi"/>
  <File Type="OPT-METHODOLOGY-DRC" Name="Min_Tree_methodology_drc_opted.rpt"/>
  <File Type="INIT-TIMING" Name="Min_Tree_timing_summary_init.rpt"/>
  <File Type="OPT-TIMING" Name="Min_Tree_timing_summary_opted.rpt"/>
  <File Type="OPT-DCP" Name="Min_Tree_opt.dcp"/>
  <File Type="OPT-DRC" Name="Min_Tree_drc_opted.rpt"/>
  <File Type="OPT-HWDEF" Name="Min_Tree.hwdef"/>
  <File Type="PWROPT-DCP" Name="Min_Tree_pwropt.dcp"/>
  <File Type="PWROPT-DRC" Name="Min_Tree_drc_pwropted.rpt"/>
  <File Type="PWROPT-TIMING" Name="Min_Tree_timing_summary_pwropted.rpt"/>
  <File Type="PLACE-DCP" Name="Min_Tree_placed.dcp"/>
  <File Type="PLACE-IO" Name="Min_Tree_io_placed.rpt"/>
  <File Type="PLACE-CLK" Name="Min_Tree_clock_utilization_placed.rpt"/>
  <File Type="PLACE-UTIL" Name="Min_Tree_utilization_placed.rpt"/>
  <File Type="PLACE-UTIL-PB" Name="Min_Tree_utilization_placed.pb"/>
  <File Type="PLACE-CTRL" Name="Min_Tree_control_sets_placed.rpt"/>
  <File Type="PLACE-SIMILARITY" Name="Min_Tree_incremental_reuse_placed.rpt"/>
  <File Type="PLACE-PRE-SIMILARITY" Name="Min_Tree_incremental_reuse_pre_placed.rpt"/>
  <File Type="BG-BIN" Name="Min_Tree.bin"/>
  <File Type="PLACE-TIMING" Name="Min_Tree_timing_summary_placed.rpt"/>
  <File Type="ROUTE-PWR-RPX" Name="Min_Tree_power_routed.rpx"/>
  <File Type="PLACE-RQA-PB" Name="Min_Tree_rqa_placed.pb"/>
  <File Type="POSTPLACE-PWROPT-DCP" Name="Min_Tree_postplace_pwropt.dcp"/>
  <File Type="BITSTR-MSK" Name="Min_Tree.msk"/>
  <File Type="POSTPLACE-PWROPT-TIMING" Name="Min_Tree_timing_summary_postplace_pwropted.rpt"/>
  <File Type="PHYSOPT-DCP" Name="Min_Tree_physopt.dcp"/>
  <File Type="PHYSOPT-DRC" Name="Min_Tree_drc_physopted.rpt"/>
  <File Type="BITSTR-RBT" Name="Min_Tree.rbt"/>
  <File Type="PHYSOPT-TIMING" Name="Min_Tree_timing_summary_physopted.rpt"/>
  <File Type="ROUTE-ERROR-DCP" Name="Min_Tree_routed_error.dcp"/>
  <File Type="ROUTE-DCP" Name="Min_Tree_routed.dcp"/>
  <File Type="ROUTE-BLACKBOX-DCP" Name="Min_Tree_routed_bb.dcp"/>
  <File Type="ROUTE-DRC" Name="Min_Tree_drc_routed.rpt"/>
  <File Type="ROUTE-DRC-PB" Name="Min_Tree_drc_routed.pb"/>
  <File Type="ROUTE-DRC-RPX" Name="Min_Tree_drc_routed.rpx"/>
  <File Type="ROUTE-METHODOLOGY-DRC" Name="Min_Tree_methodology_drc_routed.rpt"/>
  <File Type="ROUTE-METHODOLOGY-DRC-RPX" Name="Min_Tree_methodology_drc_routed.rpx"/>
  <File Type="ROUTE-METHODOLOGY-DRC-PB" Name="Min_Tree_methodology_drc_routed.pb"/>
  <File Type="ROUTE-RQS-PB" Name="Min_Tree_rqs_routed.pb"/>
  <File Type="ROUTE-STATUS" Name="Min_Tree_route_status.rpt"/>
  <File Type="ROUTE-STATUS-PB" Name="Min_Tree_route_status.pb"/>
  <File Type="ROUTE-TIMINGSUMMARY" Name="Min_Tree_timing_summary_routed.rpt"/>
  <File Type="ROUTE-TIMING-PB" Name="Min_Tree_timing_summary_routed.pb"/>
  <File Type="ROUTE-TIMING-RPX" Name="Min_Tree_timing_summary_routed.rpx"/>
  <File Type="ROUTE-SIMILARITY" Name="Min_Tree_incremental_reuse_routed.rpt"/>
  <File Type="ROUTE-CLK" Name="Min_Tree_clock_utilization_routed.rpt"/>
  <File Type="ROUTE-BUS-SKEW" Name="Min_Tree_bus_skew_routed.rpt"/>
  <File Type="ROUTE-BUS-SKEW-PB" Name="Min_Tree_bus_skew_routed.pb"/>
  <File Type="ROUTE-BUS-SKEW-RPX" Name="Min_Tree_bus_skew_routed.rpx"/>
  <File Type="POSTROUTE-PHYSOPT-DCP" Name="Min_Tree_postroute_physopt.dcp"/>
  <File Type="POSTROUTE-PHYSOPT-BLACKBOX-DCP" Name="Min_Tree_postroute_physopt_bb.dcp"/>
  <File Type="POSTROUTE-PHYSOPT-TIMING" Name="Min_Tree_timing_summary_postroute_physopted.rpt"/>
  <File Type="POSTROUTE-PHYSOPT-TIMING-PB" Name="Min_Tree_timing_summary_postroute_physopted.pb"/>
  <File Type="POSTROUTE-PHYSOPT-TIMING-RPX" Name="Min_Tree_timing_summary_postroute_physopted.rpx"/>
  <File Type="POSTROUTE-PHYSOPT-BUS-SKEW" Name="Min_Tree_bus_skew_postroute_physopted.rpt"/>
  <File Type="BG-BIT" Name="Min_Tree.bit"/>
  <File Type="POSTROUTE-PHYSOPT-BUS-SKEW-PB" Name="Min_Tree_bus_skew_postroute_physopted.pb"/>
  <File Type="POSTROUTE-PHYSOPT-BUS-SKEW-RPX" Name="Min_Tree_bus_skew_postroute_physopted.rpx"/>
  <File Type="BITSTR-NKY" Name="Min_Tree.nky"/>
  <File Type="BITSTR-BMM" Name="Min_Tree_bd.bmm"/>
  <File Type="PDI-FILE" Name="Min_Tree.pdi"/>
  <File Type="BOOT-PDI-FILE" Name="Min_Tree_boot.pdi"/>
  <File Type="PL-PDI-FILE" Name="Min_Tree_pld.pdi"/>
  <File Type="RCFI_FILE" Name="Min_Tree.rcfi"/>
  <File Type="CFI_FILE" Name="Min_Tree.cfi"/>
  <File Type="RNPI_FILE" Name="Min_Tree.rnpi"/>
  <File Type="NPI_FILE" Name="Min_Tree.npi"/>
  <File Type="RBD_FILE" Name="Min_Tree.rbd"/>
  <File Type="BITSTR-LTX" Name="debug_nets.ltx"/>
  <File Type="BITSTR-LTX" Name="Min_Tree.ltx"/>
  <File Type="BITSTR-SYSDEF" Name="Min_Tree.sysdef"/>
  <File Type="BG-BGN" Name="Min_Tree.bgn"/>
  <File Type="BG-DRC" Name="Min_Tree.drc"/>
  <File Type="RDI-RDI" Name="Min_Tree.vdi"/>
  <File Type="WBT-USG" Name="usage_statistics_webtalk.html"/>
  <File Type="ROUTE-RQS" Name="Min_Tree_routed.rqs"/>
  <File Type="POSTROUTE-PHYSOPT-RQS" Name="Min_Tree_postroute_physopted.rqs"/>
  <File Type="ROUTE-RQS-RPT" Name="route_report_qor_suggestions_0.rpt"/>
  <File Type="POSTROUTE-PHYSOPT-RQS-RPT" Name="postroute_physopt_report_qor_suggestions_0.rpt"/>
  <FileSet Name="sources" Type="DesignSrcs" RelSrcDir="$PSRCDIR/sources_1" RelGenDir="$PGENDIR/sources_1">
    <Filter Type="Srcs"/>
    <File Path="$PSRCDIR/sources_1/new/Min_Tree.v">
      <FileInfo>
        <Attr Name="UsedIn" Val="synthesis"/>
        <Attr Name="UsedIn" Val="implementation"/>
        <Attr Name="UsedIn" Val="simulation"/>
      </FileInfo>
    </File>
    <Config>
      <Option Name="DesignMode" Val="RTL"/>
      <Option Name="TopModule" Val="Min_Tree"/>
      <Option Name="TopAutoSet" Val="TRUE"/>
    </Config>
  </FileSet>
  <FileSet Name="constrs_in" Type="Constrs" RelSrcDir="$PSRCDIR/constrs_1" RelGenDir="$PGENDIR/constrs_1">
    <Filter Type="Constrs"/>
    <Config>
      <Option Name="ConstrsType" Val="XDC"/>
    </Config>
  </FileSet>
  <FileSet Name="utils" Type="Utils" RelSrcDir="$PSRCDIR/utils_1" RelGenDir="$PGENDIR/utils_1">
    <Filter Type="Utils"/>
    <File Path="$PSRCDIR/utils_1/imports/synth_1/Min_Tree.dcp">
      <FileInfo>
        <Attr Name="UsedIn" Val="synthesis"/>
        <Attr Name="UsedIn" Val="implementation"/>
        <Attr Name="UsedInSteps" Val="synth_1"/>
        <Attr Name="AutoDcp" Val="1"/>
      </FileInfo>
    </File>
    <Config>
      <Option Name="TopAutoSet" Val="TRUE"/>
    </Config>
  </FileSet>
  <Strategy Version="1" Minor="2">
    <StratHandle Name="Vivado Implementation Defaults" Flow="Vivado Implementation 2024"/>
    <Step Id="init_design"/>
    <Step Id="opt_design"/>
    <Step Id="power_opt_design"/>
    <Step Id="place_design"/>
    <Step Id="post_place_power_opt_design"/>
    <Step Id="phys_opt_design"/>
    <Step Id="route_design"/>
    <Step Id="post_route_phys_opt_design"/>
    <Step Id="write_bitstream"/>
  </Strategy>
</GenRun>
